seed,random,raw_policy,mcts,mcts_minus_raw_policy
20000,0.0,1.0,5.0,4.0
20001,0.0,5.0,5.0,0.0
20002,1.0,0.0,0.0,0.0
20003,0.0,1.0,4.0,3.0
20004,0.0,2.0,2.0,0.0
20005,0.0,2.0,5.0,3.0
20006,0.0,1.0,6.0,5.0
20007,0.0,3.0,3.0,0.0
20008,1.0,5.0,5.0,0.0
20009,0.0,0.0,0.0,0.0
20010,0.0,2.0,6.0,4.0
20011,1.0,5.0,6.0,1.0
20012,0.0,5.0,5.0,0.0
20013,0.0,1.0,6.0,5.0
20014,1.0,3.0,3.0,0.0
20015,0.0,5.0,5.0,0.0
20016,0.0,3.0,3.0,0.0
20017,1.0,5.0,5.0,0.0
20018,0.0,0.0,6.0,6.0
20019,0.0,2.0,6.0,4.0
