episode,actor_reward
1,18.0
2,29.0
3,14.0
4,15.0
5,11.0
6,39.0
7,30.0
8,11.0
9,27.0
10,16.0
11,22.0
12,36.0
13,31.0
14,14.0
15,36.0
16,18.0
17,13.0
18,23.0
19,18.0
20,22.0
21,11.0
22,12.0
23,18.0
24,14.0
25,45.0
26,20.0
27,41.0
28,36.0
29,12.0
30,28.0
31,55.0
32,97.0
33,88.0
34,36.0
35,83.0
36,26.0
37,84.0
38,46.0
39,190.0
40,28.0
41,73.0
42,157.0
43,94.0
44,68.0
45,234.0
46,29.0
47,93.0
48,177.0
49,117.0
50,99.0
51,76.0
52,101.0
53,115.0
54,292.0
55,80.0
56,207.0
57,74.0
58,142.0
59,166.0
60,81.0
61,125.0
62,134.0
63,130.0
64,443.0
65,171.0
66,128.0
67,196.0
68,106.0
69,175.0
70,149.0
71,193.0
72,151.0
73,193.0
74,185.0
75,174.0
76,213.0
77,162.0
78,110.0
79,326.0
80,169.0
81,256.0
82,155.0
83,156.0
84,193.0
85,152.0
86,227.0
87,178.0
88,305.0
89,169.0
90,229.0
91,216.0
92,195.0
93,223.0
94,217.0
95,215.0
96,252.0
97,176.0
98,182.0
99,204.0
100,166.0
101,184.0
102,162.0
103,225.0
104,271.0
105,219.0
106,310.0
107,234.0
108,213.0
109,231.0
110,177.0
111,194.0
112,195.0
113,206.0
114,283.0
115,183.0
116,186.0
117,212.0
118,231.0
119,223.0
120,205.0
121,229.0
122,200.0
123,243.0
124,242.0
125,180.0
126,212.0
127,258.0
128,244.0
129,197.0
130,212.0
131,261.0
132,231.0
133,211.0
134,246.0
135,202.0
136,219.0
137,259.0
138,206.0
139,203.0
140,307.0
141,222.0
142,225.0
143,261.0
144,218.0
145,218.0
146,197.0
147,250.0
148,181.0
149,182.0
150,245.0
151,225.0
152,210.0
153,320.0
154,240.0
155,313.0
156,302.0
157,305.0
158,236.0
159,209.0
160,260.0
161,275.0
162,253.0
163,257.0
164,218.0
165,367.0
166,175.0
167,203.0
168,219.0
169,246.0
170,178.0
171,197.0
172,297.0
173,273.0
174,327.0
175,211.0
176,348.0
177,186.0
178,201.0
179,266.0
180,166.0
181,188.0
182,213.0
183,257.0
184,216.0
185,229.0
186,260.0
187,205.0
188,249.0
189,229.0
190,242.0
191,177.0
192,246.0
193,317.0
194,199.0
195,232.0
196,254.0
197,174.0
198,182.0
199,229.0
200,427.0
201,270.0
202,228.0
203,200.0
204,299.0
205,227.0
206,215.0
207,220.0
208,207.0
209,243.0
210,281.0
211,235.0
212,299.0
213,218.0
214,266.0
215,500.0
216,177.0
217,216.0
218,194.0
219,200.0
220,186.0
221,195.0
222,209.0
223,191.0
224,194.0
225,234.0
226,193.0
227,178.0
228,500.0
229,238.0
230,273.0
231,250.0
232,317.0
233,261.0
234,309.0
235,251.0
236,334.0
237,242.0
238,246.0
239,214.0
240,269.0
241,253.0
242,243.0
243,213.0
244,212.0
245,330.0
246,337.0
247,315.0
248,246.0
249,384.0
250,174.0
251,377.0
252,288.0
253,199.0
254,279.0
255,229.0
256,188.0
257,208.0
258,208.0
259,264.0
260,235.0
261,222.0
262,247.0
263,178.0
264,238.0
265,282.0
266,243.0
267,217.0
268,211.0
269,185.0
270,278.0
271,280.0
272,251.0
273,223.0
274,291.0
275,213.0
276,411.0
277,305.0
278,231.0
279,284.0
280,257.0
281,220.0
282,314.0
283,221.0
284,239.0
285,288.0
286,215.0
287,286.0
288,300.0
289,173.0
290,293.0
291,309.0
292,229.0
293,188.0
294,243.0
295,215.0
296,261.0
297,342.0
298,286.0
299,269.0
300,329.0
301,250.0
302,500.0
303,187.0
304,258.0
305,342.0
306,232.0
307,234.0
308,217.0
309,211.0
310,230.0
311,231.0
312,339.0
313,259.0
314,199.0
315,218.0
316,297.0
317,206.0
318,170.0
319,221.0
320,343.0
321,253.0
322,323.0
323,348.0
324,190.0
325,353.0
326,296.0
327,200.0
328,260.0
329,269.0
330,500.0
331,197.0
332,500.0
333,352.0
334,322.0
335,403.0
336,500.0
337,208.0
338,262.0
339,261.0
340,208.0
341,236.0
342,293.0
343,500.0
344,316.0
345,199.0
346,234.0
347,272.0
348,244.0
349,395.0
350,261.0
351,304.0
352,346.0
353,285.0
354,227.0
355,298.0
356,243.0
357,232.0
358,500.0
359,360.0
360,401.0
361,209.0
362,229.0
363,252.0
364,231.0
365,245.0
366,315.0
367,243.0
368,268.0
369,270.0
370,374.0
371,298.0
372,252.0
373,263.0
374,194.0
375,500.0
376,203.0
377,249.0
378,500.0
379,221.0
380,378.0
381,500.0
382,172.0
383,238.0
384,259.0
385,319.0
386,478.0
387,275.0
388,478.0
389,238.0
390,429.0
391,221.0
392,432.0
393,303.0
394,271.0
395,500.0
396,215.0
397,225.0
398,379.0
399,382.0
400,275.0
401,210.0
402,480.0
403,321.0
404,318.0
405,283.0
406,409.0
407,234.0
408,234.0
409,244.0
410,240.0
411,227.0
412,240.0
413,411.0
414,231.0
415,414.0
416,304.0
417,496.0
418,220.0
419,346.0
420,327.0
421,205.0
422,500.0
423,272.0
424,246.0
425,310.0
426,359.0
427,337.0
428,267.0
429,374.0
430,500.0
431,186.0
432,384.0
433,281.0
434,393.0
435,273.0
436,326.0
437,338.0
438,382.0
439,281.0
440,243.0
441,282.0
442,344.0
443,279.0
444,500.0
445,245.0
446,293.0
447,378.0
448,334.0
449,407.0
450,190.0
451,208.0
452,235.0
453,214.0
454,500.0
455,500.0
456,352.0
457,321.0
458,279.0
459,420.0
460,301.0
461,411.0
462,500.0
463,339.0
464,431.0
465,203.0
466,281.0
467,500.0
468,255.0
469,287.0
470,322.0
471,239.0
472,442.0
473,284.0
474,257.0
475,272.0
476,479.0
477,226.0
478,310.0
479,341.0
480,338.0
481,429.0
482,255.0
483,283.0
484,500.0
485,242.0
486,500.0
487,331.0
488,276.0
489,228.0
490,313.0
491,242.0
492,258.0
493,357.0
494,239.0
495,240.0
496,347.0
497,500.0
498,377.0
499,500.0
500,276.0
501,338.0
502,246.0
503,307.0
504,500.0
505,416.0
506,330.0
507,500.0
508,500.0
509,202.0
510,338.0
511,500.0
512,462.0
513,298.0
514,500.0
515,325.0
516,221.0
517,255.0
518,292.0
519,401.0
520,449.0
521,249.0
522,232.0
523,225.0
524,461.0
525,500.0
526,370.0
527,494.0
528,430.0
529,221.0
530,235.0
531,212.0
532,424.0
533,248.0
534,279.0
535,476.0
536,286.0
537,447.0
538,392.0
539,232.0
540,500.0
541,492.0
542,500.0
543,315.0
544,399.0
545,494.0
546,454.0
547,452.0
548,250.0
549,500.0
550,252.0
551,217.0
552,287.0
553,500.0
554,440.0
555,500.0
556,246.0
557,245.0
558,313.0
559,333.0
560,231.0
561,297.0
562,482.0
563,225.0
564,253.0
565,452.0
566,211.0
567,330.0
568,302.0
569,470.0
570,277.0
571,326.0
572,500.0
573,276.0
574,288.0
575,500.0
576,500.0
577,254.0
578,347.0
579,500.0
580,316.0
581,238.0
582,500.0
583,500.0
584,500.0
585,294.0
586,500.0
587,283.0
588,257.0
589,359.0
590,238.0
591,310.0
592,500.0
593,463.0
594,254.0
595,500.0
596,227.0
597,253.0
598,408.0
599,412.0
600,500.0
601,315.0
602,500.0
603,354.0
604,500.0
605,232.0
606,500.0
607,500.0
608,214.0
609,500.0
610,500.0
611,338.0
612,294.0
613,500.0
614,353.0
615,500.0
616,301.0
617,500.0
618,500.0
619,485.0
620,289.0
621,271.0
622,296.0
623,500.0
624,257.0
625,242.0
626,500.0
627,486.0
628,500.0
629,325.0
630,500.0
631,491.0
632,500.0
633,500.0
634,288.0
635,500.0
636,287.0
637,258.0
638,238.0
639,472.0
640,351.0
641,281.0
642,363.0
643,283.0
644,500.0
645,324.0
646,333.0
647,264.0
648,295.0
649,327.0
650,473.0
651,500.0
652,500.0
653,500.0
654,307.0
655,500.0
656,500.0
657,500.0
658,431.0
659,500.0
660,500.0
661,490.0
662,500.0
663,478.0
664,500.0
665,500.0
666,500.0
667,498.0
668,500.0
669,407.0
670,346.0
671,500.0
672,251.0
673,429.0
674,301.0
675,500.0
676,393.0
677,280.0
678,500.0
679,317.0
680,248.0
681,500.0
682,291.0
683,328.0
684,375.0
685,500.0
686,500.0
687,500.0
688,500.0
689,500.0
690,308.0
691,496.0
692,318.0
693,484.0
694,500.0
695,500.0
696,324.0
697,500.0
698,336.0
699,442.0
700,331.0
701,341.0
702,276.0
703,500.0
704,500.0
705,500.0
706,500.0
707,500.0
708,500.0
709,270.0
710,500.0
711,500.0
712,314.0
713,500.0
714,338.0
715,500.0
716,352.0
717,478.0
718,500.0
719,500.0
720,500.0
721,500.0
722,310.0
723,500.0
724,500.0
725,500.0
726,500.0
727,500.0
728,500.0
729,499.0
730,280.0
731,302.0
732,274.0
733,372.0
734,500.0
735,500.0
736,282.0
737,500.0
738,500.0
739,272.0
740,500.0
741,500.0
742,500.0
743,500.0
744,249.0
745,496.0
746,284.0
747,500.0
748,500.0
749,500.0
750,500.0
751,500.0
752,500.0
753,500.0
754,268.0
755,218.0
756,500.0
757,500.0
758,500.0
759,500.0
760,500.0
761,500.0
762,500.0
763,500.0
764,500.0
765,500.0
766,500.0
767,500.0
768,500.0
769,292.0
770,500.0
771,282.0
772,500.0
773,500.0
774,500.0
775,332.0
776,500.0
777,330.0
778,500.0
779,459.0
780,500.0
781,500.0
782,271.0
783,356.0
784,312.0
785,500.0
786,500.0
787,349.0
788,500.0
789,500.0
790,500.0
791,500.0
792,500.0
793,339.0
794,338.0
795,297.0
796,500.0
797,267.0
798,328.0
799,500.0
800,317.0
